Type,Category,Amount,Date,Note,Source
EXPENSE,其他,50.0,2025-04-18,好的,Manual
EXPENSE,餐饮,18.18,2024-11-30,食品,银行卡
EXPENSE,餐饮,3.8,2024-11-29,饮料,银行卡
EXPENSE,购物,4.29,2024-11-29,洗衣机,银行卡
EXPENSE,餐饮,6.8,2024-11-27,食品,银行卡
EXPENSE,购物,170.35,2024-11-27,运动裤,银行卡
EXPENSE,购物,146.15,2024-11-27,运动上衣,银行卡
EXPENSE,餐饮,4.9,2024-11-26,食品,银行卡
EXPENSE,购物,4.5,2024-11-24,洗衣机,银行卡
EXPENSE,餐饮,24.9,2024-11-23,食品,银行卡
EXPENSE,餐饮,4.0,2024-11-22,饮料,银行卡
EXPENSE,购物,29.9,2024-11-21,日用品,银行卡
EXPENSE,娱乐,98.8,2024-11-20,电影票,银行卡
EXPENSE,交通,18.7,2024-11-20,共享单车月卡,银行卡
EXPENSE,购物,4.5,2024-11-19,洗衣机,银行卡
EXPENSE,餐饮,68.99,2024-11-18,食品,银行卡
EXPENSE,餐饮,6.84,2024-11-17,食品,银行卡
EXPENSE,餐饮,3.74,2024-11-17,饮料,银行卡
EXPENSE,健康,124.44,2024-11-15,药,银行卡
EXPENSE,餐饮,22.34,2024-11-14,食品,银行卡
EXPENSE,购物,4.5,2024-11-13,洗衣机,银行卡
EXPENSE,交通,17.49,2024-11-10,打车订单,银行卡
EXPENSE,餐饮,13.04,2024-11-09,食品,银行卡
EXPENSE,购物,4.5,2024-11-08,洗衣机,银行卡
EXPENSE,娱乐,489.41,2024-11-07,舞蹈剧,银行卡
EXPENSE,娱乐,19.67,2024-11-06,电影票,银行卡
EXPENSE,餐饮,10.0,2024-11-04,食品,银行卡
EXPENSE,购物,12.1,2024-11-03,日用品,银行卡
EXPENSE,美妆,290.59,2024-11-03,护肤品,银行卡
EXPENSE,美妆,86.72,2024-11-03,化妆品,银行卡
EXPENSE,购物,4.5,2024-11-02,洗衣机,银行卡
EXPENSE,餐饮,5.2,2024-11-01,饮料,银行卡
EXPENSE,餐饮,25.44,2024-10-31,食品,银行卡
EXPENSE,餐饮,13.14,2024-10-28,食品,银行卡
EXPENSE,购物,294.0,2024-10-27,休闲裤,银行卡
EXPENSE,餐饮,4.99,2024-10-26,饮料,银行卡
EXPENSE,餐饮,8.46,2024-10-25,食品,银行卡
EXPENSE,购物,4.5,2024-10-25,洗衣机,银行卡
EXPENSE,交通,19.61,2024-10-23,打车订单,银行卡
EXPENSE,餐饮,3.94,2024-10-20,食品,银行卡
